INSERT INTO CATEGORIA (DESCRIPCION_CATEGORIA) VALUES 
('Accesorios para Celulares'),
('Repuestos Electrónicos'),
('Cargadores y Fuentes'),
('Pantallas y Display'),
('Audífonos y Manos Libres'),
('Relojes Inteligentes'),
('Forros y Estuches'),
('Parlantes y sistemas de sonido');

INSERT INTO PRODUCTO (
  ID_PRODUCTO, ID_CATEGORIA_PRODUCTO, NOMBRE_PRODUCTO, DESCRIPCION_PRODUCTO,
  PRECIOVENTAACT_PRODUCTO, COSTOVENTA_PRODUCTO, VALORIVA_PRODUCTO
) VALUES
(7706017535294, 1, 'Soporte Magnético para Carro', 'Soporte de celular con imán potente para tablero', 20000, 12000, 0.19),
(7708915082637, 1, 'Anillo Soporte Giratorio', 'Anillo metálico giratorio 360° para celulares', 15000, 8000, 0.19),
(7703349289734, 1, 'Luces LED Selfie Clip-On', 'Anillo de luz LED portátil para selfies', 22000, 14000, 0.19),
(7706978301893, 1, 'Lente 3 en 1 Clip', 'Lente ojo de pez, macro y gran angular para celular', 27000, 17000, 0.19),
(7701144671626, 1, 'Soporte Flexible de Escritorio', 'Soporte con brazo articulado para celular', 33000, 22000, 0.19),
(7701771711120, 2, 'Placa Base Samsung A10', 'Repuesto original de placa base para A10', 180000, 140000, 0.19),
(7704278813986, 2, 'Sensor Proximidad Redmi 9', 'Sensor infrarrojo interno para proximidad', 17000, 9000, 0.19),
(7705417122226, 2, 'Flex de Carga Huawei Y7', 'Cable flex de carga para Huawei Y7 2019', 26000, 15000, 0.19),
(7705755420395, 2, 'Vibrador iPhone 7', 'Motor de vibración interno compatible con iPhone 7', 21000, 12000, 0.19),
(7706904017952, 2, 'Altavoz Inferior Galaxy A20', 'Altavoz interno original Samsung Galaxy A20', 28000, 19000, 0.19),
(7702451485263, 3, 'Cargador Tipo C 25W', 'Cargador rápido USB-C compatible con Samsung y Xiaomi', 48000, 32000, 0.19),
(7703348487579, 3, 'Power Bank 10000mAh Xiaomi', 'Batería externa portátil con doble salida USB', 85000, 60000, 0.19),
(7703825214586, 3, 'Cargador Doble USB para Carro', 'Cargador de auto con dos puertos USB y 3.1A', 25000, 15000, 0.19),
(7704849024772, 3, 'Cable Lightning Original Apple', 'Cable de datos y carga para iPhone/iPad', 45000, 30000, 0.19),
(7707178743639, 3, 'Fuente de Poder Regulada', 'Fuente universal para reparación de celulares', 72000, 52000, 0.19),
(7707585523412, 4, 'Pantalla OLED iPhone X', 'Pantalla de alta resolución compatible con Face ID', 500000, 420000, 0.19),
(7709001269056, 4, 'Display Samsung A32', 'Pantalla AMOLED original con marco', 460000, 380000, 0.19),
(7707164381498, 4, 'Pantalla Huawei P30 Lite', 'Pantalla con touch integrado, modelo ANE-LX3', 350000, 280000, 0.19),
(7703221644689, 4, 'Pantalla Xiaomi Redmi 9A', 'Pantalla completa con marco y digitalizador', 270000, 210000, 0.19),
(7709946211274, 4, 'Pantalla Moto G8 Play', 'Pantalla con touch capacitivo original', 320000, 260000, 0.19),
(7706402393286, 5, 'Audífonos Bluetooth TWS QCY', 'Audífonos inalámbricos con estuche de carga', 78000, 50000, 0.19),
(7702911709167, 5, 'Audífonos Samsung AKG', 'Audífonos con cable tipo C originales Samsung', 60000, 42000, 0.19),
(7703139837935, 5, 'Manos Libres JBL Tune 110', 'Audífonos con micrófono y cancelación de ruido', 85000, 60000, 0.19),
(7701073018552, 5, 'Auriculares Xiaomi Mi In-Ear', 'Audífonos metálicos con buena respuesta de bajos', 40000, 25000, 0.19),
(7704126810332, 5, 'Audífonos Gamer con Micrófono', 'Audífonos alámbricos con luces LED y micrófono', 95000, 70000, 0.19),
(7701707039312, 6, 'Smartwatch M4 Pulsera Deportiva', 'Pulsera con monitor de ritmo cardíaco y pasos', 78000, 50000, 0.19),
(7702824087332, 6, 'Smartwatch Haylou LS02', 'Reloj inteligente con pantalla táctil y bluetooth', 120000, 90000, 0.19),
(7707452900751, 6, 'Xiaomi Mi Band 6', 'Pulsera inteligente con medición de oxígeno y sueño', 160000, 125000, 0.19),
(7701957776753, 6, 'Smartwatch IWO 8', 'Reloj tipo Apple Watch con sensor cardíaco', 130000, 95000, 0.19),
(7709443930537, 6, 'Smartwatch T500 Plus', 'Pantalla completa, llamadas y notificaciones', 150000, 110000, 0.19),
(7700092630982, 7, 'Forro Antigolpes Galaxy A10s', 'Protector de silicona con bordes reforzados', 25000, 15000, 0.19),
(7702342918397, 7, 'Estuche Transparente iPhone 11', 'Estuche TPU transparente resistente a rayones', 22000, 12000, 0.19),
(7706559354461, 7, 'Estuche Magnético 360° Redmi 9', 'Forro con vidrio templado frontal y posterior', 38000, 26000, 0.19),
(7707899883920, 7, 'Estuche con Anillo Moto G9', 'Forro con soporte giratorio y función imán', 30000, 19000, 0.19),
(7709770159158, 7, 'Estuche Camuflado Galaxy A32', 'Diseño militar con esquinas resistentes', 32000, 20000, 0.19),
(7702428861930, 8, 'Parlante Bluetooth JBL GO 3', 'Parlante portátil resistente al agua, hasta 5h', 180000, 140000, 0.19),
(7707328305349, 8, 'Mini Bocina Xiaomi Mi Compact', 'Parlante bluetooth de bolsillo, excelente audio', 95000, 68000, 0.19),
(7703359406008, 8, 'Parlante con Luces LED RGB', 'Sonido potente con luces y entrada auxiliar', 120000, 90000, 0.19),
(7706415201511, 8, 'Parlante Doble Woofer Recargable', 'Altavoz grande con micrófono y control remoto', 350000, 290000, 0.19),
(7702599273569, 8, 'Torre de Sonido Bluetooth', 'Sistema estéreo con subwoofer y entrada USB', 420000, 340000, 0.19),
(7704739700237, 1, 'Soporte Universal', 'Soporte Universal con diseño compacto y excelente rendimiento', 105144, 68760, 0.19),
(7704314560758, 1, 'Clip Selfie 2.0', 'Clip Selfie 2.0 con diseño compacto y excelente rendimiento', 84718, 67838, 0.19),
(7700238669895, 1, 'Anillo PopHolder', 'Anillo PopHolder con diseño compacto y excelente rendimiento', 69332, 53996, 0.19),
(7709882577650, 1, 'Lente Gran Angular', 'Lente Gran Angular con diseño compacto y excelente rendimiento', 118836, 96959, 0.19),
(7707013965278, 1, 'Soporte con Brazo', 'Soporte con Brazo con diseño compacto y excelente rendimiento', 189114, 133337, 0.19),
(7701943591977, 2, 'Flex de Carga Galaxy A10', 'Flex de Carga Galaxy A10 con diseño compacto y excelente rendimiento', 408933, 346283, 0.19),
(7709079552990, 2, 'Micrófono Huawei P20', 'Micrófono Huawei P20 con diseño compacto y excelente rendimiento', 162104, 126981, 0.19),
(7700576652528, 2, 'Sensor Proximidad Moto G6', 'Sensor Proximidad Moto G6 con diseño compacto y excelente rendimiento', 50886, 32867, 0.19),
(7705906454424, 2, 'Buzzer Redmi 9', 'Buzzer Redmi 9 con diseño compacto y excelente rendimiento', 81407, 56049, 0.19),
(7703080865692, 2, 'Placa Base Note 8', 'Placa Base Note 8 con diseño compacto y excelente rendimiento', 456174, 360933, 0.19),
(7704126796364, 3, 'Cargador Fast USB-C', 'Cargador Fast USB-C con diseño compacto y excelente rendimiento', 221186, 140411, 0.19),
(7707381382166, 3, 'Power Bank Solar', 'Power Bank Solar con diseño compacto y excelente rendimiento', 299370, 200167, 0.19),
(7703016978915, 3, 'Cable Trenzado USB-C', 'Cable Trenzado USB-C con diseño compacto y excelente rendimiento', 366186, 240643, 0.19),
(7706842967858, 3, 'Fuente de Reparación Pro', 'Fuente de Reparación Pro con diseño compacto y excelente rendimiento', 323901, 224736, 0.19),
(7703149166548, 3, 'Adaptador Auto 3.1A', 'Adaptador Auto 3.1A con diseño compacto y excelente rendimiento', 306681, 219354, 0.19),
(7707495666715, 4, 'Pantalla OLED iPhone 12', 'Pantalla OLED iPhone 12 con diseño compacto y excelente rendimiento', 209137, 159157, 0.19),
(7708833683363, 4, 'Display Moto G9 Plus', 'Display Moto G9 Plus con diseño compacto y excelente rendimiento', 315008, 262688, 0.19),
(7707699015821, 4, 'Pantalla AMOLED Galaxy S10', 'Pantalla AMOLED Galaxy S10 con diseño compacto y excelente rendimiento', 219226, 177072, 0.19),
(7700406871951, 4, 'Touchscreen Redmi Note 10', 'Touchscreen Redmi Note 10 con diseño compacto y excelente rendimiento', 409800, 273567, 0.19),
(7701509159498, 4, 'Pantalla Completa A20s', 'Pantalla Completa A20s con diseño compacto y excelente rendimiento', 351941, 245569, 0.19),
(7704198182560, 5, 'Audífonos Bluetooth Pro', 'Audífonos Bluetooth Pro con diseño compacto y excelente rendimiento', 74787, 61138, 0.19),
(7701891926740, 5, 'Manos Libres Estéreo', 'Manos Libres Estéreo con diseño compacto y excelente rendimiento', 300168, 198790, 0.19),
(7704316892800, 5, 'Audífonos Gaming LED', 'Audífonos Gaming LED con diseño compacto y excelente rendimiento', 405312, 326389, 0.19),
(7703038805126, 5, 'Auriculares Deportivos', 'Auriculares Deportivos con diseño compacto y excelente rendimiento', 186519, 122458, 0.19),
(7700747472539, 5, 'Headset USB con Mic', 'Headset USB con Mic con diseño compacto y excelente rendimiento', 245815, 181476, 0.19),
(7705212102047, 6, 'Smartwatch Deportivo M5', 'Smartwatch Deportivo M5 con diseño compacto y excelente rendimiento', 155630, 95377, 0.19),
(7703503443239, 6, 'Pulsera Inteligente FitGo', 'Pulsera Inteligente FitGo con diseño compacto y excelente rendimiento', 305311, 216128, 0.19),
(7700326221009, 6, 'Reloj Bluetooth LS03', 'Reloj Bluetooth LS03 con diseño compacto y excelente rendimiento', 200249, 128618, 0.19),
(7706434192160, 6, 'Band Fitness Track', 'Band Fitness Track con diseño compacto y excelente rendimiento', 41742, 34070, 0.19),
(7700856796065, 6, 'Smartwatch Estilo Apple', 'Smartwatch Estilo Apple con diseño compacto y excelente rendimiento', 48432, 31502, 0.19),
(7707650537653, 7, 'Estuche Blindado S20', 'Estuche Blindado S20 con diseño compacto y excelente rendimiento', 484074, 391071, 0.19),
(7709484967426, 7, 'Forro TPU Transparente', 'Forro TPU Transparente con diseño compacto y excelente rendimiento', 339577, 205869, 0.19),
(7706056457427, 7, 'Case Antigolpes iPhone XR', 'Case Antigolpes iPhone XR con diseño compacto y excelente rendimiento', 75261, 57156, 0.19),
(7703826308284, 7, 'Funda Magnética Redmi', 'Funda Magnética Redmi con diseño compacto y excelente rendimiento', 137238, 98798, 0.19),
(7706878398298, 7, 'Estuche con Soporte Anillo', 'Estuche con Soporte Anillo con diseño compacto y excelente rendimiento', 212953, 152650, 0.19),
(7701452026512, 8, 'Mini Parlante Portátil', 'Mini Parlante Portátil con diseño compacto y excelente rendimiento', 306336, 187469, 0.19),
(7702258729379, 8, 'Bocina Bluetooth RGB', 'Bocina Bluetooth RGB con diseño compacto y excelente rendimiento', 362223, 229229, 0.19),
(7705628242712, 8, 'Torre de Sonido Max', 'Torre de Sonido Max con diseño compacto y excelente rendimiento', 488867, 373815, 0.19),
(7708271566386, 8, 'Speaker Resistente Agua', 'Speaker Resistente Agua con diseño compacto y excelente rendimiento', 428961, 275004, 0.19),
(7702425335412, 8, 'Sistema Doble Woofer', 'Sistema Doble Woofer con diseño compacto y excelente rendimiento', 166578, 107486, 0.19);

INSERT INTO SEDE (NOMBRE_SEDE, ID_CIUDAD_SEDE, DIRECCION_SEDE, NUMEROEMPLEADOS_SEDE, TELEFONO_SEDE) VALUES 
('Sede Centro', 11.001, 'Carrera 1 #1-1', 1, '6011234567'),
('Sede Norte', 11.001, 'Avenida 7 #7-7', 2, '6017654321'),
('Sede Sur', 11.001, 'Calle 12 #12-12', 1, '6019876543');

INSERT INTO INVENTARIO (ID_PRODUCTO_INVENTARIO, existencia_inventario, estado_inventario) VALUES
(7706017535294, 0, 'A'),
(7708915082637, 0, 'A'),
(7703349289734, 0, 'A'),
(7706978301893, 0, 'A'),
(7701144671626, 0, 'A'),
(7701771711120, 0, 'A'),
(7704278813986, 0, 'A'),
(7705417122226, 0, 'A'),
(7705755420395, 0, 'A'),
(7706904017952, 0, 'A'),
(7702451485263, 0, 'A'),
(7703348487579, 0, 'A'),
(7703825214586, 0, 'A'),
(7704849024772, 0, 'A'),
(7707178743639, 0, 'A'),
(7707585523412, 0, 'A'),
(7709001269056, 0, 'A'),
(7707164381498, 0, 'A'),
(7703221644689, 0, 'A'),
(7709946211274, 0, 'A'),
(7706402393286, 0, 'A'),
(7702911709167, 0, 'A'),
(7703139837935, 0, 'A'),
(7701073018552, 0, 'A'),
(7704126810332, 0, 'A'),
(7701707039312, 0, 'A'),
(7702824087332, 0, 'A'),
(7707452900751, 0, 'A'),
(7701957776753, 0, 'A'),
(7709443930537, 0, 'A'),
(7700092630982, 0, 'A'),
(7702342918397, 0, 'A'),
(7706559354461, 0, 'A'),
(7707899883920, 0, 'A'),
(7709770159158, 0, 'A'),
(7702428861930, 0, 'A'),
(7707328305349, 0, 'A'),
(7703359406008, 0, 'A'),
(7706415201511, 0, 'A'),
(7702599273569, 0, 'A'),
(7704739700237, 0, 'A'),
(7704314560758, 0, 'A'),
(7700238669895, 0, 'A'),
(7709882577650, 0, 'A'),
(7707013965278, 0, 'A'),
(7701943591977, 0, 'A'),
(7709079552990, 0, 'A'),
(7700576652528, 0, 'A'),
(7705906454424, 0, 'A'),
(7703080865692, 0, 'A'),
(7704126796364, 0, 'A'),
(7707381382166, 0, 'A'),
(7703016978915, 0, 'A'),
(7706842967858, 0, 'A'),
(7703149166548, 0, 'A'),
(7707495666715, 0, 'A'),
(7708833683363, 0, 'A'),
(7707699015821, 0, 'A'),
(7700406871951, 0, 'A'),
(7701509159498, 0, 'A'),
(7704198182560, 0, 'A'),
(7701891926740, 0, 'A'),
(7704316892800, 0, 'A'),
(7703038805126, 0, 'A'),
(7700747472539, 0, 'A'),
(7705212102047, 0, 'A'),
(7703503443239, 0, 'A'),
(7700326221009, 0, 'A'),
(7706434192160, 0, 'A'),
(7700856796065, 0, 'A'),
(7707650537653, 0, 'A'),
(7709484967426, 0, 'A'),
(7706056457427, 0, 'A'),
(7703826308284, 0, 'A'),
(7706878398298, 0, 'A'),
(7701452026512, 0, 'A'),
(7702258729379, 0, 'A'),
(7705628242712, 0, 'A'),
(7708271566386, 0, 'A'),
(7702425335412, 0, 'A');

INSERT INTO INVENTARIOLOCAL (
  ID_PRODUCTO_INVENTARIOLOCAL, ID_SEDE_INVENTARIOLOCAL, EXISTENCIA_INVENTARIOLOCAL,
  STOCKMINIMO_INVENTARIOLOCAL, STOCKMAXIMO_INVENTARIOLOCAL
) VALUES
(7706017535294, 1, 8, 2, 30),
(7706017535294, 3, 73, 4, 116),
(7708915082637, 3, 89, 3, 115),
(7708915082637, 1, 29, 5, 52),
(7703349289734, 2, 6, 5, 19),
(7703349289734, 1, 40, 3, 54),
(7703349289734, 3, 27, 2, 50),
(7706978301893, 3, 34, 4, 55),
(7701144671626, 3, 64, 5, 81),
(7701144671626, 1, 16, 2, 37),
(7701144671626, 2, 41, 4, 52),
(7701771711120, 2, 14, 5, 35),
(7704278813986, 1, 76, 5, 112),
(7704278813986, 2, 80, 1, 93),
(7704278813986, 3, 88, 3, 111),
(7705417122226, 3, 56, 4, 68),
(7705417122226, 1, 96, 3, 127),
(7705755420395, 1, 92, 4, 109),
(7705755420395, 3, 37, 5, 72),
(7706904017952, 2, 100, 4, 128),
(7706904017952, 1, 66, 5, 108),
(7702451485263, 2, 68, 5, 99),
(7702451485263, 3, 75, 2, 95),
(7703348487579, 2, 48, 3, 63),
(7703348487579, 1, 11, 5, 49),
(7703825214586, 2, 96, 2, 133),
(7703825214586, 1, 21, 3, 34),
(7703825214586, 3, 23, 1, 70),
(7704849024772, 3, 96, 1, 122),
(7704849024772, 1, 72, 2, 113),
(7707178743639, 1, 42, 5, 72),
(7707178743639, 3, 58, 1, 99),
(7707178743639, 2, 92, 1, 105),
(7707585523412, 3, 38, 3, 79),
(7707585523412, 2, 18, 1, 56),
(7709001269056, 1, 37, 1, 56),
(7707164381498, 1, 75, 2, 117),
(7707164381498, 3, 36, 3, 85),
(7703221644689, 2, 51, 5, 68),
(7703221644689, 3, 86, 4, 109),
(7703221644689, 1, 48, 4, 84),
(7709946211274, 3, 78, 2, 100),
(7709946211274, 2, 59, 4, 94),
(7706402393286, 3, 72, 3, 91),
(7706402393286, 2, 79, 1, 111),
(7702911709167, 1, 63, 2, 84),
(7703139837935, 2, 58, 3, 83),
(7703139837935, 3, 66, 4, 87),
(7701073018552, 3, 59, 1, 84),
(7701073018552, 1, 5, 4, 45),
(7704126810332, 3, 91, 1, 108),
(7701707039312, 1, 72, 2, 85),
(7701707039312, 2, 55, 5, 66),
(7701707039312, 3, 33, 5, 83),
(7702824087332, 3, 93, 2, 124),
(7702824087332, 2, 93, 5, 134),
(7707452900751, 3, 91, 1, 139),
(7707452900751, 2, 25, 5, 37),
(7707452900751, 1, 22, 3, 51),
(7701957776753, 1, 13, 3, 38),
(7709443930537, 2, 54, 3, 99),
(7709443930537, 1, 48, 5, 98),
(7709443930537, 3, 61, 2, 82),
(7700092630982, 3, 39, 4, 50),
(7702342918397, 2, 24, 2, 52),
(7702342918397, 3, 83, 5, 96),
(7702342918397, 1, 47, 2, 89),
(7706559354461, 1, 28, 3, 72),
(7707899883920, 2, 77, 3, 103),
(7709770159158, 1, 21, 3, 65),
(7709770159158, 2, 50, 2, 85),
(7709770159158, 3, 18, 1, 54),
(7702428861930, 1, 84, 3, 128),
(7702428861930, 3, 95, 1, 139),
(7707328305349, 1, 62, 4, 94),
(7707328305349, 3, 24, 5, 46),
(7703359406008, 3, 12, 3, 33),
(7706415201511, 1, 18, 2, 59),
(7706415201511, 3, 21, 1, 68),
(7702599273569, 3, 64, 3, 99),
(7702599273569, 1, 99, 5, 137),
(7704739700237, 2, 8, 2, 42),
(7704739700237, 3, 35, 1, 67),
(7704739700237, 1, 68, 4, 111),
(7704314560758, 1, 89, 3, 118),
(7704314560758, 2, 21, 5, 56),
(7704314560758, 3, 9, 2, 42),
(7700238669895, 2, 32, 4, 56),
(7700238669895, 3, 56, 3, 90),
(7700238669895, 1, 18, 4, 50),
(7709882577650, 3, 34, 2, 74),
(7709882577650, 1, 60, 1, 90),
(7707013965278, 2, 90, 2, 138),
(7707013965278, 1, 16, 5, 32),
(7707013965278, 3, 20, 1, 37),
(7701943591977, 3, 23, 3, 69),
(7709079552990, 2, 61, 3, 95),
(7709079552990, 3, 32, 5, 67),
(7709079552990, 1, 18, 2, 54),
(7700576652528, 2, 68, 5, 93),
(7700576652528, 3, 94, 4, 138),
(7705906454424, 2, 44, 4, 58),
(7705906454424, 3, 65, 5, 75),
(7703080865692, 3, 22, 1, 60),
(7704126796364, 2, 50, 3, 80),
(7707381382166, 2, 31, 2, 81),
(7703016978915, 3, 73, 2, 119),
(7703016978915, 1, 5, 2, 36),
(7703016978915, 2, 31, 2, 64),
(7706842967858, 3, 56, 2, 83),
(7706842967858, 1, 94, 4, 115),
(7706842967858, 2, 76, 1, 91),
(7703149166548, 3, 62, 5, 97),
(7703149166548, 2, 7, 3, 35),
(7703149166548, 1, 26, 1, 39),
(7707495666715, 3, 79, 5, 119),
(7707495666715, 1, 64, 2, 95),
(7708833683363, 1, 11, 1, 32),
(7708833683363, 2, 33, 5, 82),
(7708833683363, 3, 23, 2, 61),
(7707699015821, 3, 90, 3, 110),
(7707699015821, 2, 66, 3, 82),
(7707699015821, 1, 79, 5, 113),
(7700406871951, 3, 52, 5, 88),
(7701509159498, 3, 97, 5, 131),
(7704198182560, 2, 79, 1, 106),
(7704198182560, 3, 17, 5, 27),
(7701891926740, 3, 40, 3, 63),
(7701891926740, 1, 17, 2, 30),
(7704316892800, 3, 8, 3, 27),
(7703038805126, 1, 45, 3, 83),
(7703038805126, 3, 22, 4, 48),
(7700747472539, 1, 48, 1, 98),
(7705212102047, 2, 85, 2, 103),
(7703503443239, 3, 14, 3, 37),
(7703503443239, 2, 8, 3, 25),
(7700326221009, 2, 47, 3, 66),
(7706434192160, 2, 45, 1, 68),
(7706434192160, 3, 50, 4, 73),
(7700856796065, 1, 68, 3, 93),
(7700856796065, 2, 84, 5, 107),
(7700856796065, 3, 52, 1, 73),
(7707650537653, 2, 54, 3, 97),
(7707650537653, 3, 19, 2, 65),
(7709484967426, 3, 37, 4, 49),
(7709484967426, 1, 52, 1, 98),
(7709484967426, 2, 89, 2, 125),
(7706056457427, 1, 10, 4, 46),
(7706056457427, 2, 37, 1, 83),
(7706056457427, 3, 46, 3, 74),
(7703826308284, 3, 75, 3, 109),
(7703826308284, 1, 92, 1, 121),
(7706878398298, 1, 52, 3, 67),
(7706878398298, 3, 98, 4, 136),
(7701452026512, 1, 64, 2, 81),
(7701452026512, 2, 86, 2, 110),
(7702258729379, 3, 43, 2, 76),
(7702258729379, 2, 15, 2, 27),
(7702258729379, 1, 23, 3, 33),
(7705628242712, 2, 51, 2, 73),
(7708271566386, 2, 45, 4, 88),
(7702425335412, 2, 31, 2, 73),
(7702425335412, 3, 30, 3, 40);

INSERT INTO CLIENTE (ID_CLIENTE, ID_TIPODOCUMENTO_CLIENTE, ID_TIPOCLIENTE_CLIENTE, TELEFONO_CLIENTE, ID_SEDE_CLIENTE, EMAIL_CLIENTE, DIRECCION_CLIENTE, BARRIO_CLIENTE, CODIGOPOSTAL_CLIENTE, ESTADO_CLIENTE)
VALUES 
(1, 1, 1, '3101234567', 1, 'cliente1@example.com', 'Calle 123 #45-67', 'Centro', '110011', 'A'),
(2, 2, 1, '3207654321', 2, 'cliente2@example.com', 'Carrera 45 #10-20', 'Norte', '110022', 'A'),
(3, 3, 2, '3119988776', 3, 'empresa1@example.com', 'Avenida 68 #22-33', 'Sur', '110033', 'A');

INSERT INTO CLIENTENATURAL (ID_CLIENTE, NOMBRE_CLIENTE, APELLIDO_CLIENTE, FECHANACIMIENTO_CLIENTE, GENERO_CLIENTE, ESTADO_CLIENTE)
VALUES 
(1, 'Juan', 'Pérez', '1990-05-14', 'Masculino', 'A'),
(2, 'María', 'Gómez', '1985-10-20', 'Femenino', 'A');

INSERT INTO CLIENTEJURIDICO (ID_CLIENTE, RAZONSOCIAL_CLIENTE, NOMBRECOMERCIAL_CLIENTE, REPRESENTANTE_CLIENTE, DIGITOVERIFICACION_CLIENTE, ESTADO_CLIENTE) 
VALUES 
(3, 'Empresa de Pruebas S.A.', 'Empresas Pruebas', 'Carlos Ramírez', 7, 'A');

INSERT INTO PROVEEDOR (ID_PROVEEDOR, NOMBRE_PROVEEDOR, ID_CIUDAD_PROVEEDOR, DIRECCION_PROVEEDOR, TELEFONO_PROVEEDOR, EMAIL_PROVEEDOR, ID_TIPOPROVEEDOR_PROVEEDOR, REPRESENTANTE_PROVEEDOR, 
    FECHAREGISTRO_PROVEEDOR, SALDO_PROVEEDOR, DIGITOVERIFICACION_PROVEEDOR, ESTADO_PROVEEDOR)
  VALUES
('123456789-5', 'CellTech Repuestos', '11.001', 'Calle 10 #15-30; Bogotá', '3001234567', 'ventas@celltech.com', 1, 'Marino Pérez', '2024-03-10', 500000, '5', 'A'),
('987654321-7', 'Accesorios Móvil Express', '25.214', 'Carrera 20 #45-10, Cota', '3012345678', 'contacto@movilexpress.com', 2, 'María Gómez', '2024-02-25', 750000, '7', 'A'),
('456789123-3', 'Repuestos y Más', '11.001', 'Avenida Central #101, Bogotá', '3023456789', 'info@repuestosymas.com', 2, 'Carlos Ramírez', '2024-01-15', 300000, '3', 'A'),
('789123456-9', 'Tecnocell Distribuciones', '11.001', 'Diagonal 50 #22-15, Bogotá', '3124567890', 'support@tecnocell.com', 1, 'Ana Torres', '2024-03-01', 600000, '9', 'A'),
('321654987-4', 'Mundo Celular Parts', '11.001', 'Transversal 5 #8-50, Bogotá', '3205678901', 'ventas@mundocelular.com', 1, 'Luis Martínez', '2024-03-15', 900000, '4', 'A');

INSERT INTO TIPOMETODOPAGO (NOMBRE_TIPOMETODOPAGO, COMISION_TIPOMETODOPAGO, RECEPCION_TIPOMETODOPAGO)
VALUES 
  ('Efectivo', 0, 'Inmediata'),
  ('Sistecrédito', 4, 'A 15 días'),
  ('Tarjeta Débito', 2.5, 'Inmediata'),
  ('Crédito', 3, 'Inmediata'),
  ('Nequi', 0, 'Inmediata'),
  ('Daviplata', 0, 'Inmediata');

INSERT INTO EMPLEADO (ID_EMPLEADO, ID_SEDE_EMPLEADO, ID_TIPODOCUMENTO_EMPLEADO, NOMBRE_EMPLEADO, TELEFONO_EMPLEADO, CARGO_EMPLEADO, EMAIL_EMPLEADO, ESTADO_EMPLEADO)
VALUES
(99, 1, 1, 'Administrador General', '3001234567', 'Administrador', 'admin@cimove.com', 'A'),
(10, 1, 1, 'Vendedor Principal', '3007654321', 'Vendedor', 'vendedor@cimove.com', 'A'),
(13, 1, 1, 'Administrador correo', '3007654321', 'Administrador', 'kpershopcimove@gmail.com', 'A');

INSERT INTO public.usuario (
    id_empleado_usuario,
    contrasena_usuario,
    email_usuario,
    telefono_usuario,
    id_tipousuario_usuario,
    estado_usuario
) VALUES
(99, '$2b$10$DQrUQprpfBzpLDwWndFsB.kToRiltDjcgqZev1n6UNVc.vOMWsjp6', 'admin@cimove.com', '3001234567', 1, 'A'),
(10, '$2b$10$WecVFLYgkCNS1lRUEZmUBus3c1/qGc45kXDHe05gftCji7IrETWV6', 'vendedor@cimove.com', '3007654321', 2, 'A'),
(13, '$2a$10$9EiPY0g2CvTdFLK7g7YmBOG2HyGDoJ96080P6o1ExG3PkhOS66FdO', 'kpershopcimove@gmail.com', '3007654321', 1, 'A' );

INSERT INTO SALARIO (
  ID_EMPLEADO_SALARIO,
  MONTO_SALARIO,
  TIPOPAGO_SALARIO,
  ESTADO_SALARIO
)
VALUES
  (10, 3500000, 'Mensual', 'A'),  
  (99, 2500000, 'Quincenal', 'A'); 

DO $$
DECLARE 
    prod RECORD;
    provs TEXT[] := ARRAY['123456789-5','987654321-7','456789123-3','789123456-9','321654987-4']; -- proveedores reales
    prov_id TEXT;
BEGIN
    FOR prod IN SELECT ID_PRODUCTO FROM PRODUCTO LOOP
        -- Proveedor aleatorio de la lista
        prov_id := provs[1 + floor(random() * array_length(provs,1))::int];

        -- Insertar relación
        INSERT INTO PROVEEDORPRODUCTO (ID_PROVEEDOR_PROVEEDORPRODUCTO, ID_PRODUCTO_PROVEEDORPRODUCTO, ESTADO_PROVEEDORPRODUCTO)
        VALUES (prov_id, prod.ID_PRODUCTO, 'A');
    END LOOP;
END$$;
